{
  "summary": {
    "generatedon": "2025-03-19T05:57:01Z",
    "parser": "MultiReportParser (3x OpenCoverParser)",
    "assemblies": 1,
    "classes": 8,
    "files": 8,
    "coveredlines": 78,
    "uncoveredlines": 194,
    "coverablelines": 272,
    "totallines": 775,
    "linecoverage": 28.6,
    "coveredbranches": 0,
    "totalbranches": 0,
    "coveredmethods": 14,
    "totalmethods": 36,
    "methodcoverage": 38.8
 },
  "coverage": {
    "assemblies": [
      { "name": "Test", "classes": 8, "coverage": 28.6, "coveredlines": 78, "coverablelines": 272, "totallines": 775, "branchcoverage": null, "coveredbranches": 0, "totalbranches": 0, "methodcoverage": 38.8, "coveredmethods": 14, "totalmethods": 36, "classesinassembly": [
        { "name": "AudioManager", "coverage": 51.8, "coveredlines": 14, "coverablelines": 27, "totallines": 51, "branchcoverage": null, "coveredbranches": 0, "totalbranches": 0, "methodcoverage": 50, "coveredmethods": 1, "totalmethods": 2 },
        { "name": "BulletTime", "coverage": 42.8, "coveredlines": 3, "coverablelines": 7, "totallines": 24, "branchcoverage": null, "coveredbranches": 0, "totalbranches": 0, "methodcoverage": 50, "coveredmethods": 1, "totalmethods": 2 },
        { "name": "EnemyAi", "coverage": 45.2, "coveredlines": 33, "coverablelines": 73, "totallines": 154, "branchcoverage": null, "coveredbranches": 0, "totalbranches": 0, "methodcoverage": 45.4, "coveredmethods": 5, "totalmethods": 11 },
        { "name": "Gun", "coverage": 21.8, "coveredlines": 14, "coverablelines": 64, "totallines": 313, "branchcoverage": null, "coveredbranches": 0, "totalbranches": 0, "methodcoverage": 30, "coveredmethods": 3, "totalmethods": 10 },
        { "name": "Round", "coverage": 0, "coveredlines": 0, "coverablelines": 39, "totallines": 83, "branchcoverage": null, "coveredbranches": 0, "totalbranches": 0, "methodcoverage": 0, "coveredmethods": 0, "totalmethods": 2 },
        { "name": "SpeedUpTime", "coverage": 50, "coveredlines": 3, "coverablelines": 6, "totallines": 22, "branchcoverage": null, "coveredbranches": 0, "totalbranches": 0, "methodcoverage": 50, "coveredmethods": 1, "totalmethods": 2 },
        { "name": "TimeManager", "coverage": 46.6, "coveredlines": 7, "coverablelines": 15, "totallines": 29, "branchcoverage": null, "coveredbranches": 0, "totalbranches": 0, "methodcoverage": 50, "coveredmethods": 2, "totalmethods": 4 },
        { "name": "XRTarget", "coverage": 9.7, "coveredlines": 4, "coverablelines": 41, "totallines": 99, "branchcoverage": null, "coveredbranches": 0, "totalbranches": 0, "methodcoverage": 33.3, "coveredmethods": 1, "totalmethods": 3 } ] } ]
  }
}