{
  "summary": {
    "generatedon": "2025-05-28T11:29:37Z",
    "parser": "MultiReportParser (24x OpenCoverParser)",
    "assemblies": 1,
    "classes": 8,
    "files": 8,
    "coveredlines": 177,
    "uncoveredlines": 95,
    "coverablelines": 272,
    "totallines": 782,
    "linecoverage": 65,
    "coveredbranches": 0,
    "totalbranches": 0,
    "coveredmethods": 23,
    "totalmethods": 36,
    "methodcoverage": 63.8
 },
  "coverage": {
    "assemblies": [
      { "name": "Test", "classes": 8, "coverage": 65, "coveredlines": 177, "coverablelines": 272, "totallines": 782, "branchcoverage": null, "coveredbranches": 0, "totalbranches": 0, "methodcoverage": 63.8, "coveredmethods": 23, "totalmethods": 36, "classesinassembly": [
        { "name": "AudioManager", "coverage": 77.7, "coveredlines": 21, "coverablelines": 27, "totallines": 51, "branchcoverage": null, "coveredbranches": 0, "totalbranches": 0, "methodcoverage": 100, "coveredmethods": 2, "totalmethods": 2 },
        { "name": "BulletTime", "coverage": 42.8, "coveredlines": 3, "coverablelines": 7, "totallines": 24, "branchcoverage": null, "coveredbranches": 0, "totalbranches": 0, "methodcoverage": 50, "coveredmethods": 1, "totalmethods": 2 },
        { "name": "EnemyAi", "coverage": 46.5, "coveredlines": 34, "coverablelines": 73, "totallines": 154, "branchcoverage": null, "coveredbranches": 0, "totalbranches": 0, "methodcoverage": 45.4, "coveredmethods": 5, "totalmethods": 11 },
        { "name": "Gun", "coverage": 70.3, "coveredlines": 45, "coverablelines": 64, "totallines": 320, "branchcoverage": null, "coveredbranches": 0, "totalbranches": 0, "methodcoverage": 70, "coveredmethods": 7, "totalmethods": 10 },
        { "name": "Round", "coverage": 64.1, "coveredlines": 25, "coverablelines": 39, "totallines": 83, "branchcoverage": null, "coveredbranches": 0, "totalbranches": 0, "methodcoverage": 100, "coveredmethods": 2, "totalmethods": 2 },
        { "name": "SpeedUpTime", "coverage": 50, "coveredlines": 3, "coverablelines": 6, "totallines": 22, "branchcoverage": null, "coveredbranches": 0, "totalbranches": 0, "methodcoverage": 50, "coveredmethods": 1, "totalmethods": 2 },
        { "name": "TimeManager", "coverage": 46.6, "coveredlines": 7, "coverablelines": 15, "totallines": 29, "branchcoverage": null, "coveredbranches": 0, "totalbranches": 0, "methodcoverage": 50, "coveredmethods": 2, "totalmethods": 4 },
        { "name": "XRTarget", "coverage": 95.1, "coveredlines": 39, "coverablelines": 41, "totallines": 99, "branchcoverage": null, "coveredbranches": 0, "totalbranches": 0, "methodcoverage": 100, "coveredmethods": 3, "totalmethods": 3 } ] } ]
  }
}