{
  "summary": {
    "generatedon": "2025-08-22T14:44:46Z",
    "parser": "MultiReportParser (4x OpenCoverParser)",
    "assemblies": 1,
    "classes": 10,
    "files": 10,
    "coveredlines": 975,
    "uncoveredlines": 384,
    "coverablelines": 1359,
    "totallines": 1866,
    "linecoverage": 71.7,
    "coveredbranches": 0,
    "totalbranches": 0,
    "coveredmethods": 50,
    "totalmethods": 57,
    "methodcoverage": 87.7
 },
  "coverage": {
    "assemblies": [
      { "name": "Test", "classes": 10, "coverage": 71.7, "coveredlines": 975, "coverablelines": 1359, "totallines": 1866, "branchcoverage": null, "coveredbranches": 0, "totalbranches": 0, "methodcoverage": 87.7, "coveredmethods": 50, "totalmethods": 57, "classesinassembly": [
        { "name": "Bishop", "coverage": 100, "coveredlines": 68, "coverablelines": 68, "totallines": 101, "branchcoverage": null, "coveredbranches": 0, "totalbranches": 0, "methodcoverage": 100, "coveredmethods": 1, "totalmethods": 1 },
        { "name": "BoardHighlights", "coverage": 100, "coveredlines": 34, "coverablelines": 34, "totallines": 48, "branchcoverage": null, "coveredbranches": 0, "totalbranches": 0, "methodcoverage": 100, "coveredmethods": 4, "totalmethods": 4 },
        { "name": "BoardManager", "coverage": 52.4, "coveredlines": 380, "coverablelines": 725, "totallines": 967, "branchcoverage": null, "coveredbranches": 0, "totalbranches": 0, "methodcoverage": 81.8, "coveredmethods": 27, "totalmethods": 33 },
        { "name": "ChessEngine", "coverage": 100, "coveredlines": 41, "coverablelines": 41, "totallines": 64, "branchcoverage": null, "coveredbranches": 0, "totalbranches": 0, "methodcoverage": 100, "coveredmethods": 3, "totalmethods": 3 },
        { "name": "King", "coverage": 88.5, "coveredlines": 139, "coverablelines": 157, "totallines": 195, "branchcoverage": null, "coveredbranches": 0, "totalbranches": 0, "methodcoverage": 100, "coveredmethods": 1, "totalmethods": 1 },
        { "name": "Knight", "coverage": 100, "coveredlines": 19, "coverablelines": 19, "totallines": 36, "branchcoverage": null, "coveredbranches": 0, "totalbranches": 0, "methodcoverage": 100, "coveredmethods": 1, "totalmethods": 1 },
        { "name": "Pawn", "coverage": 89.5, "coveredlines": 77, "coverablelines": 86, "totallines": 115, "branchcoverage": null, "coveredbranches": 0, "totalbranches": 0, "methodcoverage": 100, "coveredmethods": 1, "totalmethods": 1 },
        { "name": "Piece", "coverage": 88, "coveredlines": 22, "coverablelines": 25, "totallines": 46, "branchcoverage": null, "coveredbranches": 0, "totalbranches": 0, "methodcoverage": 88.8, "coveredmethods": 8, "totalmethods": 9 },
        { "name": "Queen", "coverage": 97.9, "coveredlines": 141, "coverablelines": 144, "totallines": 202, "branchcoverage": null, "coveredbranches": 0, "totalbranches": 0, "methodcoverage": 100, "coveredmethods": 3, "totalmethods": 3 },
        { "name": "Rook", "coverage": 90, "coveredlines": 54, "coverablelines": 60, "totallines": 92, "branchcoverage": null, "coveredbranches": 0, "totalbranches": 0, "methodcoverage": 100, "coveredmethods": 1, "totalmethods": 1 } ] } ]
  }
}