{
  "summary": {
    "generatedon": "2025-03-11T14:17:09Z",
    "parser": "MultiReportParser (6x OpenCoverParser)",
    "assemblies": 1,
    "classes": 4,
    "files": 4,
    "coveredlines": 279,
    "uncoveredlines": 69,
    "coverablelines": 348,
    "totallines": 732,
    "linecoverage": 80.1,
    "coveredbranches": 0,
    "totalbranches": 0,
    "coveredmethods": 57,
    "totalmethods": 62,
    "methodcoverage": 91.9
 },
  "coverage": {
    "assemblies": [
      { "name": "Test", "classes": 4, "coverage": 80.1, "coveredlines": 279, "coverablelines": 348, "totallines": 732, "branchcoverage": null, "coveredbranches": 0, "totalbranches": 0, "methodcoverage": 91.9, "coveredmethods": 57, "totalmethods": 62, "classesinassembly": [
        { "name": "XRButton", "coverage": 74.7, "coveredlines": 65, "coverablelines": 87, "totallines": 186, "branchcoverage": null, "coveredbranches": 0, "totalbranches": 0, "methodcoverage": 86.6, "coveredmethods": 13, "totalmethods": 15 },
        { "name": "XRJoystick", "coverage": 79.2, "coveredlines": 99, "coverablelines": 125, "totallines": 212, "branchcoverage": null, "coveredbranches": 0, "totalbranches": 0, "methodcoverage": 94.4, "coveredmethods": 17, "totalmethods": 18 },
        { "name": "XRKnob", "coverage": 83.5, "coveredlines": 56, "coverablelines": 67, "totallines": 173, "branchcoverage": null, "coveredbranches": 0, "totalbranches": 0, "methodcoverage": 93.3, "coveredmethods": 14, "totalmethods": 15 },
        { "name": "XRLever", "coverage": 85.5, "coveredlines": 59, "coverablelines": 69, "totallines": 161, "branchcoverage": null, "coveredbranches": 0, "totalbranches": 0, "methodcoverage": 92.8, "coveredmethods": 13, "totalmethods": 14 } ] } ]
  }
}