{
  "summary": {
    "generatedon": "2025-02-22T07:48:05Z",
    "parser": "MultiReportParser (11x OpenCoverParser)",
    "assemblies": 1,
    "classes": 6,
    "files": 6,
    "coveredlines": 41,
    "uncoveredlines": 13,
    "coverablelines": 54,
    "totallines": 157,
    "linecoverage": 75.9,
    "coveredbranches": 0,
    "totalbranches": 0,
    "coveredmethods": 12,
    "totalmethods": 13,
    "methodcoverage": 92.3
 },
  "coverage": {
    "assemblies": [
      { "name": "Test", "classes": 6, "coverage": 75.9, "coveredlines": 41, "coverablelines": 54, "totallines": 157, "branchcoverage": null, "coveredbranches": 0, "totalbranches": 0, "methodcoverage": 92.3, "coveredmethods": 12, "totalmethods": 13, "classesinassembly": [
        { "name": "Exit", "coverage": 0, "coveredlines": 0, "coverablelines": 3, "totallines": 9, "branchcoverage": null, "coveredbranches": 0, "totalbranches": 0, "methodcoverage": 0, "coveredmethods": 0, "totalmethods": 1 },
        { "name": "PlayTV", "coverage": 100, "coveredlines": 5, "coverablelines": 5, "totallines": 19, "branchcoverage": null, "coveredbranches": 0, "totalbranches": 0, "methodcoverage": 100, "coveredmethods": 2, "totalmethods": 2 },
        { "name": "RunPC", "coverage": 86.3, "coveredlines": 19, "coverablelines": 22, "totallines": 50, "branchcoverage": null, "coveredbranches": 0, "totalbranches": 0, "methodcoverage": 100, "coveredmethods": 4, "totalmethods": 4 },
        { "name": "SoundPlayer", "coverage": 100, "coveredlines": 4, "coverablelines": 4, "totallines": 13, "branchcoverage": null, "coveredbranches": 0, "totalbranches": 0, "methodcoverage": 100, "coveredmethods": 1, "totalmethods": 1 },
        { "name": "SpawnPaper", "coverage": 71.4, "coveredlines": 5, "coverablelines": 7, "totallines": 39, "branchcoverage": null, "coveredbranches": 0, "totalbranches": 0, "methodcoverage": 100, "coveredmethods": 2, "totalmethods": 2 },
        { "name": "Timeout", "coverage": 61.5, "coveredlines": 8, "coverablelines": 13, "totallines": 27, "branchcoverage": null, "coveredbranches": 0, "totalbranches": 0, "methodcoverage": 100, "coveredmethods": 3, "totalmethods": 3 } ] } ]
  }
}