{
  "summary": {
    "generatedon": "2025-03-28T07:26:21Z",
    "parser": "MultiReportParser (8x OpenCoverParser)",
    "assemblies": 1,
    "classes": 21,
    "files": 21,
    "coveredlines": 382,
    "uncoveredlines": 159,
    "coverablelines": 541,
    "totallines": 1011,
    "linecoverage": 70.6,
    "coveredbranches": 0,
    "totalbranches": 0,
    "coveredmethods": 82,
    "totalmethods": 93,
    "methodcoverage": 88.1
 },
  "coverage": {
    "assemblies": [
      { "name": "Test", "classes": 21, "coverage": 70.6, "coveredlines": 382, "coverablelines": 541, "totallines": 1011, "branchcoverage": null, "coveredbranches": 0, "totalbranches": 0, "methodcoverage": 88.1, "coveredmethods": 82, "totalmethods": 93, "classesinassembly": [
        { "name": "AudioTrigger", "coverage": 100, "coveredlines": 14, "coverablelines": 14, "totallines": 27, "branchcoverage": null, "coveredbranches": 0, "totalbranches": 0, "methodcoverage": 100, "coveredmethods": 3, "totalmethods": 3 },
        { "name": "BestTime", "coverage": 86.3, "coveredlines": 19, "coverablelines": 22, "totallines": 43, "branchcoverage": null, "coveredbranches": 0, "totalbranches": 0, "methodcoverage": 100, "coveredmethods": 3, "totalmethods": 3 },
        { "name": "ButtonVR", "coverage": 100, "coveredlines": 7, "coverablelines": 7, "totallines": 23, "branchcoverage": null, "coveredbranches": 0, "totalbranches": 0, "methodcoverage": 100, "coveredmethods": 2, "totalmethods": 2 },
        { "name": "Clock", "coverage": 77.7, "coveredlines": 21, "coverablelines": 27, "totallines": 54, "branchcoverage": null, "coveredbranches": 0, "totalbranches": 0, "methodcoverage": 83.3, "coveredmethods": 5, "totalmethods": 6 },
        { "name": "DoorAnimationEvent", "coverage": 100, "coveredlines": 27, "coverablelines": 27, "totallines": 52, "branchcoverage": null, "coveredbranches": 0, "totalbranches": 0, "methodcoverage": 100, "coveredmethods": 7, "totalmethods": 7 },
        { "name": "ExitDoor", "coverage": 73.6, "coveredlines": 14, "coverablelines": 19, "totallines": 37, "branchcoverage": null, "coveredbranches": 0, "totalbranches": 0, "methodcoverage": 100, "coveredmethods": 4, "totalmethods": 4 },
        { "name": "FinalDoor", "coverage": 71.4, "coveredlines": 20, "coverablelines": 28, "totallines": 49, "branchcoverage": null, "coveredbranches": 0, "totalbranches": 0, "methodcoverage": 100, "coveredmethods": 6, "totalmethods": 6 },
        { "name": "finalPuzzle", "coverage": 47.5, "coveredlines": 19, "coverablelines": 40, "totallines": 75, "branchcoverage": null, "coveredbranches": 0, "totalbranches": 0, "methodcoverage": 71.4, "coveredmethods": 5, "totalmethods": 7 },
        { "name": "finalPuzzleSockets", "coverage": 66.6, "coveredlines": 20, "coverablelines": 30, "totallines": 51, "branchcoverage": null, "coveredbranches": 0, "totalbranches": 0, "methodcoverage": 100, "coveredmethods": 5, "totalmethods": 5 },
        { "name": "ifManager", "coverage": 66.6, "coveredlines": 6, "coverablelines": 9, "totallines": 25, "branchcoverage": null, "coveredbranches": 0, "totalbranches": 0, "methodcoverage": 66.6, "coveredmethods": 2, "totalmethods": 3 },
        { "name": "IfPuzzle", "coverage": 87.8, "coveredlines": 29, "coverablelines": 33, "totallines": 53, "branchcoverage": null, "coveredbranches": 0, "totalbranches": 0, "methodcoverage": 100, "coveredmethods": 5, "totalmethods": 5 },
        { "name": "inFinalRoom", "coverage": 100, "coveredlines": 4, "coverablelines": 4, "totallines": 17, "branchcoverage": null, "coveredbranches": 0, "totalbranches": 0, "methodcoverage": 100, "coveredmethods": 1, "totalmethods": 1 },
        { "name": "InsidePiece", "coverage": 63.3, "coveredlines": 19, "coverablelines": 30, "totallines": 54, "branchcoverage": null, "coveredbranches": 0, "totalbranches": 0, "methodcoverage": 100, "coveredmethods": 5, "totalmethods": 5 },
        { "name": "KeyDetector", "coverage": 94.2, "coveredlines": 49, "coverablelines": 52, "totallines": 84, "branchcoverage": null, "coveredbranches": 0, "totalbranches": 0, "methodcoverage": 100, "coveredmethods": 2, "totalmethods": 2 },
        { "name": "KeyFeedback", "coverage": 100, "coveredlines": 22, "coverablelines": 22, "totallines": 41, "branchcoverage": null, "coveredbranches": 0, "totalbranches": 0, "methodcoverage": 100, "coveredmethods": 3, "totalmethods": 3 },
        { "name": "keyMainScript", "coverage": 100, "coveredlines": 13, "coverablelines": 13, "totallines": 32, "branchcoverage": null, "coveredbranches": 0, "totalbranches": 0, "methodcoverage": 100, "coveredmethods": 3, "totalmethods": 3 },
        { "name": "KeyPadControll", "coverage": 58.8, "coveredlines": 10, "coverablelines": 17, "totallines": 41, "branchcoverage": null, "coveredbranches": 0, "totalbranches": 0, "methodcoverage": 100, "coveredmethods": 4, "totalmethods": 4 },
        { "name": "LoopManager", "coverage": 38.5, "coveredlines": 22, "coverablelines": 57, "totallines": 89, "branchcoverage": null, "coveredbranches": 0, "totalbranches": 0, "methodcoverage": 60, "coveredmethods": 6, "totalmethods": 10 },
        { "name": "OutsidePiece", "coverage": 65.5, "coveredlines": 19, "coverablelines": 29, "totallines": 52, "branchcoverage": null, "coveredbranches": 0, "totalbranches": 0, "methodcoverage": 100, "coveredmethods": 5, "totalmethods": 5 },
        { "name": "Timer", "coverage": 37.7, "coveredlines": 20, "coverablelines": 53, "totallines": 90, "branchcoverage": null, "coveredbranches": 0, "totalbranches": 0, "methodcoverage": 62.5, "coveredmethods": 5, "totalmethods": 8 },
        { "name": "Victory", "coverage": 100, "coveredlines": 8, "coverablelines": 8, "totallines": 22, "branchcoverage": null, "coveredbranches": 0, "totalbranches": 0, "methodcoverage": 100, "coveredmethods": 1, "totalmethods": 1 } ] } ]
  }
}