{
  "summary": {
    "generatedon": "2025-08-23T02:35:40Z",
    "parser": "MultiReportParser (4x OpenCoverParser)",
    "assemblies": 1,
    "classes": 10,
    "files": 10,
    "coveredlines": 146,
    "uncoveredlines": 1213,
    "coverablelines": 1359,
    "totallines": 1866,
    "linecoverage": 10.7,
    "coveredbranches": 0,
    "totalbranches": 0,
    "coveredmethods": 29,
    "totalmethods": 57,
    "methodcoverage": 50.8
 },
  "coverage": {
    "assemblies": [
      { "name": "Test", "classes": 10, "coverage": 10.7, "coveredlines": 146, "coverablelines": 1359, "totallines": 1866, "branchcoverage": null, "coveredbranches": 0, "totalbranches": 0, "methodcoverage": 50.8, "coveredmethods": 29, "totalmethods": 57, "classesinassembly": [
        { "name": "Bishop", "coverage": 0, "coveredlines": 0, "coverablelines": 68, "totallines": 101, "branchcoverage": null, "coveredbranches": 0, "totalbranches": 0, "methodcoverage": 0, "coveredmethods": 0, "totalmethods": 1 },
        { "name": "BoardHighlights", "coverage": 8.8, "coveredlines": 3, "coverablelines": 34, "totallines": 48, "branchcoverage": null, "coveredbranches": 0, "totalbranches": 0, "methodcoverage": 25, "coveredmethods": 1, "totalmethods": 4 },
        { "name": "BoardManager", "coverage": 16.2, "coveredlines": 118, "coverablelines": 725, "totallines": 967, "branchcoverage": null, "coveredbranches": 0, "totalbranches": 0, "methodcoverage": 51.5, "coveredmethods": 17, "totalmethods": 33 },
        { "name": "ChessEngine", "coverage": 9.7, "coveredlines": 4, "coverablelines": 41, "totallines": 64, "branchcoverage": null, "coveredbranches": 0, "totalbranches": 0, "methodcoverage": 66.6, "coveredmethods": 2, "totalmethods": 3 },
        { "name": "King", "coverage": 0, "coveredlines": 0, "coverablelines": 157, "totallines": 195, "branchcoverage": null, "coveredbranches": 0, "totalbranches": 0, "methodcoverage": 0, "coveredmethods": 0, "totalmethods": 1 },
        { "name": "Knight", "coverage": 0, "coveredlines": 0, "coverablelines": 19, "totallines": 36, "branchcoverage": null, "coveredbranches": 0, "totalbranches": 0, "methodcoverage": 0, "coveredmethods": 0, "totalmethods": 1 },
        { "name": "Pawn", "coverage": 0, "coveredlines": 0, "coverablelines": 86, "totallines": 115, "branchcoverage": null, "coveredbranches": 0, "totalbranches": 0, "methodcoverage": 0, "coveredmethods": 0, "totalmethods": 1 },
        { "name": "Piece", "coverage": 64, "coveredlines": 16, "coverablelines": 25, "totallines": 46, "branchcoverage": null, "coveredbranches": 0, "totalbranches": 0, "methodcoverage": 88.8, "coveredmethods": 8, "totalmethods": 9 },
        { "name": "Queen", "coverage": 0, "coveredlines": 0, "coverablelines": 144, "totallines": 202, "branchcoverage": null, "coveredbranches": 0, "totalbranches": 0, "methodcoverage": 0, "coveredmethods": 0, "totalmethods": 3 },
        { "name": "Rook", "coverage": 8.3, "coveredlines": 5, "coverablelines": 60, "totallines": 92, "branchcoverage": null, "coveredbranches": 0, "totalbranches": 0, "methodcoverage": 100, "coveredmethods": 1, "totalmethods": 1 } ] } ]
  }
}