{
  "summary": {
    "generatedon": "2025-03-28T07:28:05Z",
    "parser": "MultiReportParser (3x OpenCoverParser)",
    "assemblies": 1,
    "classes": 21,
    "files": 21,
    "coveredlines": 206,
    "uncoveredlines": 335,
    "coverablelines": 541,
    "totallines": 1011,
    "linecoverage": 38,
    "coveredbranches": 0,
    "totalbranches": 0,
    "coveredmethods": 54,
    "totalmethods": 93,
    "methodcoverage": 58
 },
  "coverage": {
    "assemblies": [
      { "name": "Test", "classes": 21, "coverage": 38, "coveredlines": 206, "coverablelines": 541, "totallines": 1011, "branchcoverage": null, "coveredbranches": 0, "totalbranches": 0, "methodcoverage": 58, "coveredmethods": 54, "totalmethods": 93, "classesinassembly": [
        { "name": "AudioTrigger", "coverage": 28.5, "coveredlines": 4, "coverablelines": 14, "totallines": 27, "branchcoverage": null, "coveredbranches": 0, "totalbranches": 0, "methodcoverage": 66.6, "coveredmethods": 2, "totalmethods": 3 },
        { "name": "BestTime", "coverage": 18.1, "coveredlines": 4, "coverablelines": 22, "totallines": 43, "branchcoverage": null, "coveredbranches": 0, "totalbranches": 0, "methodcoverage": 33.3, "coveredmethods": 1, "totalmethods": 3 },
        { "name": "ButtonVR", "coverage": 42.8, "coveredlines": 3, "coverablelines": 7, "totallines": 23, "branchcoverage": null, "coveredbranches": 0, "totalbranches": 0, "methodcoverage": 50, "coveredmethods": 1, "totalmethods": 2 },
        { "name": "Clock", "coverage": 62.9, "coveredlines": 17, "coverablelines": 27, "totallines": 54, "branchcoverage": null, "coveredbranches": 0, "totalbranches": 0, "methodcoverage": 66.6, "coveredmethods": 4, "totalmethods": 6 },
        { "name": "DoorAnimationEvent", "coverage": 25.9, "coveredlines": 7, "coverablelines": 27, "totallines": 52, "branchcoverage": null, "coveredbranches": 0, "totalbranches": 0, "methodcoverage": 42.8, "coveredmethods": 3, "totalmethods": 7 },
        { "name": "ExitDoor", "coverage": 36.8, "coveredlines": 7, "coverablelines": 19, "totallines": 37, "branchcoverage": null, "coveredbranches": 0, "totalbranches": 0, "methodcoverage": 75, "coveredmethods": 3, "totalmethods": 4 },
        { "name": "FinalDoor", "coverage": 28.5, "coveredlines": 8, "coverablelines": 28, "totallines": 49, "branchcoverage": null, "coveredbranches": 0, "totalbranches": 0, "methodcoverage": 50, "coveredmethods": 3, "totalmethods": 6 },
        { "name": "finalPuzzle", "coverage": 47.5, "coveredlines": 19, "coverablelines": 40, "totallines": 75, "branchcoverage": null, "coveredbranches": 0, "totalbranches": 0, "methodcoverage": 71.4, "coveredmethods": 5, "totalmethods": 7 },
        { "name": "finalPuzzleSockets", "coverage": 70, "coveredlines": 21, "coverablelines": 30, "totallines": 51, "branchcoverage": null, "coveredbranches": 0, "totalbranches": 0, "methodcoverage": 100, "coveredmethods": 5, "totalmethods": 5 },
        { "name": "ifManager", "coverage": 33.3, "coveredlines": 3, "coverablelines": 9, "totallines": 25, "branchcoverage": null, "coveredbranches": 0, "totalbranches": 0, "methodcoverage": 33.3, "coveredmethods": 1, "totalmethods": 3 },
        { "name": "IfPuzzle", "coverage": 69.6, "coveredlines": 23, "coverablelines": 33, "totallines": 53, "branchcoverage": null, "coveredbranches": 0, "totalbranches": 0, "methodcoverage": 60, "coveredmethods": 3, "totalmethods": 5 },
        { "name": "inFinalRoom", "coverage": 100, "coveredlines": 4, "coverablelines": 4, "totallines": 17, "branchcoverage": null, "coveredbranches": 0, "totalbranches": 0, "methodcoverage": 100, "coveredmethods": 1, "totalmethods": 1 },
        { "name": "InsidePiece", "coverage": 43.3, "coveredlines": 13, "coverablelines": 30, "totallines": 54, "branchcoverage": null, "coveredbranches": 0, "totalbranches": 0, "methodcoverage": 60, "coveredmethods": 3, "totalmethods": 5 },
        { "name": "KeyDetector", "coverage": 21.1, "coveredlines": 11, "coverablelines": 52, "totallines": 84, "branchcoverage": null, "coveredbranches": 0, "totalbranches": 0, "methodcoverage": 100, "coveredmethods": 2, "totalmethods": 2 },
        { "name": "KeyFeedback", "coverage": 59, "coveredlines": 13, "coverablelines": 22, "totallines": 41, "branchcoverage": null, "coveredbranches": 0, "totalbranches": 0, "methodcoverage": 100, "coveredmethods": 3, "totalmethods": 3 },
        { "name": "keyMainScript", "coverage": 15.3, "coveredlines": 2, "coverablelines": 13, "totallines": 32, "branchcoverage": null, "coveredbranches": 0, "totalbranches": 0, "methodcoverage": 33.3, "coveredmethods": 1, "totalmethods": 3 },
        { "name": "KeyPadControll", "coverage": 35.2, "coveredlines": 6, "coverablelines": 17, "totallines": 41, "branchcoverage": null, "coveredbranches": 0, "totalbranches": 0, "methodcoverage": 75, "coveredmethods": 3, "totalmethods": 4 },
        { "name": "LoopManager", "coverage": 19.2, "coveredlines": 11, "coverablelines": 57, "totallines": 89, "branchcoverage": null, "coveredbranches": 0, "totalbranches": 0, "methodcoverage": 30, "coveredmethods": 3, "totalmethods": 10 },
        { "name": "OutsidePiece", "coverage": 44.8, "coveredlines": 13, "coverablelines": 29, "totallines": 52, "branchcoverage": null, "coveredbranches": 0, "totalbranches": 0, "methodcoverage": 60, "coveredmethods": 3, "totalmethods": 5 },
        { "name": "Timer", "coverage": 32, "coveredlines": 17, "coverablelines": 53, "totallines": 90, "branchcoverage": null, "coveredbranches": 0, "totalbranches": 0, "methodcoverage": 50, "coveredmethods": 4, "totalmethods": 8 },
        { "name": "Victory", "coverage": 0, "coveredlines": 0, "coverablelines": 8, "totallines": 22, "branchcoverage": null, "coveredbranches": 0, "totalbranches": 0, "methodcoverage": 0, "coveredmethods": 0, "totalmethods": 1 } ] } ]
  }
}