{
  "summary": {
    "generatedon": "2025-03-22T03:15:05Z",
    "parser": "MultiReportParser (3x OpenCoverParser)",
    "assemblies": 1,
    "classes": 13,
    "files": 13,
    "coveredlines": 161,
    "uncoveredlines": 232,
    "coverablelines": 393,
    "totallines": 830,
    "linecoverage": 40.9,
    "coveredbranches": 0,
    "totalbranches": 0,
    "coveredmethods": 40,
    "totalmethods": 79,
    "methodcoverage": 50.6
 },
  "coverage": {
    "assemblies": [
      { "name": "Test", "classes": 13, "coverage": 40.9, "coveredlines": 161, "coverablelines": 393, "totallines": 830, "branchcoverage": null, "coveredbranches": 0, "totalbranches": 0, "methodcoverage": 50.6, "coveredmethods": 40, "totalmethods": 79, "classesinassembly": [
        { "name": "BallBounce", "coverage": 70, "coveredlines": 7, "coverablelines": 10, "totallines": 44, "branchcoverage": null, "coveredbranches": 0, "totalbranches": 0, "methodcoverage": 100, "coveredmethods": 2, "totalmethods": 2 },
        { "name": "LaunchProjectile", "coverage": 25, "coveredlines": 3, "coverablelines": 12, "totallines": 58, "branchcoverage": null, "coveredbranches": 0, "totalbranches": 0, "methodcoverage": 33.3, "coveredmethods": 1, "totalmethods": 3 },
        { "name": "LightCandle", "coverage": 62.5, "coveredlines": 10, "coverablelines": 16, "totallines": 46, "branchcoverage": null, "coveredbranches": 0, "totalbranches": 0, "methodcoverage": 100, "coveredmethods": 4, "totalmethods": 4 },
        { "name": "OnTilt", "coverage": 56.5, "coveredlines": 13, "coverablelines": 23, "totallines": 72, "branchcoverage": null, "coveredbranches": 0, "totalbranches": 0, "methodcoverage": 100, "coveredmethods": 3, "totalmethods": 3 },
        { "name": "OnVelocity", "coverage": 72.9, "coveredlines": 27, "coverablelines": 37, "totallines": 77, "branchcoverage": null, "coveredbranches": 0, "totalbranches": 0, "methodcoverage": 85.7, "coveredmethods": 6, "totalmethods": 7 },
        { "name": "PhoneRingScreen", "coverage": 76.9, "coveredlines": 10, "coverablelines": 13, "totallines": 28, "branchcoverage": null, "coveredbranches": 0, "totalbranches": 0, "methodcoverage": 100, "coveredmethods": 2, "totalmethods": 2 },
        { "name": "PlayContinuousSound", "coverage": 28.8, "coveredlines": 17, "coverablelines": 59, "totallines": 97, "branchcoverage": null, "coveredbranches": 0, "totalbranches": 0, "methodcoverage": 33.3, "coveredmethods": 4, "totalmethods": 12 },
        { "name": "PlayQuickSound", "coverage": 63.1, "coveredlines": 12, "coverablelines": 19, "totallines": 42, "branchcoverage": null, "coveredbranches": 0, "totalbranches": 0, "methodcoverage": 75, "coveredmethods": 3, "totalmethods": 4 },
        { "name": "PlaySoundsFromList", "coverage": 21.4, "coveredlines": 12, "coverablelines": 56, "totallines": 92, "branchcoverage": null, "coveredbranches": 0, "totalbranches": 0, "methodcoverage": 25, "coveredmethods": 3, "totalmethods": 12 },
        { "name": "PlayVideo", "coverage": 37.8, "coveredlines": 31, "coverablelines": 82, "totallines": 155, "branchcoverage": null, "coveredbranches": 0, "totalbranches": 0, "methodcoverage": 35.7, "coveredmethods": 5, "totalmethods": 14 },
        { "name": "ToggleLight", "coverage": 45.8, "coveredlines": 11, "coverablelines": 24, "totallines": 46, "branchcoverage": null, "coveredbranches": 0, "totalbranches": 0, "methodcoverage": 57.1, "coveredmethods": 4, "totalmethods": 7 },
        { "name": "ToggleOnOff", "coverage": 0, "coveredlines": 0, "coverablelines": 3, "totallines": 11, "branchcoverage": null, "coveredbranches": 0, "totalbranches": 0, "methodcoverage": 0, "coveredmethods": 0, "totalmethods": 1 },
        { "name": "ToggleParticle", "coverage": 20.5, "coveredlines": 8, "coverablelines": 39, "totallines": 62, "branchcoverage": null, "coveredbranches": 0, "totalbranches": 0, "methodcoverage": 37.5, "coveredmethods": 3, "totalmethods": 8 } ] } ]
  }
}