{
  "summary": {
    "generatedon": "2025-03-28T13:04:35Z",
    "parser": "MultiReportParser (9x OpenCoverParser)",
    "assemblies": 1,
    "classes": 10,
    "files": 10,
    "coveredlines": 104,
    "uncoveredlines": 145,
    "coverablelines": 249,
    "totallines": 515,
    "linecoverage": 41.7,
    "coveredbranches": 0,
    "totalbranches": 0,
    "coveredmethods": 21,
    "totalmethods": 38,
    "methodcoverage": 55.2
 },
  "coverage": {
    "assemblies": [
      { "name": "Test", "classes": 10, "coverage": 41.7, "coveredlines": 104, "coverablelines": 249, "totallines": 515, "branchcoverage": null, "coveredbranches": 0, "totalbranches": 0, "methodcoverage": 55.2, "coveredmethods": 21, "totalmethods": 38, "classesinassembly": [
        { "name": "ActivateTeleportationRay", "coverage": 68.4, "coveredlines": 13, "coverablelines": 19, "totallines": 54, "branchcoverage": null, "coveredbranches": 0, "totalbranches": 0, "methodcoverage": 100, "coveredmethods": 2, "totalmethods": 2 },
        { "name": "AnimateHandOnInput", "coverage": 100, "coveredlines": 8, "coverablelines": 8, "totallines": 30, "branchcoverage": null, "coveredbranches": 0, "totalbranches": 0, "methodcoverage": 100, "coveredmethods": 2, "totalmethods": 2 },
        { "name": "CubeInteractable", "coverage": 43.7, "coveredlines": 7, "coverablelines": 16, "totallines": 38, "branchcoverage": null, "coveredbranches": 0, "totalbranches": 0, "methodcoverage": 100, "coveredmethods": 3, "totalmethods": 3 },
        { "name": "DigicodeAreaController", "coverage": 20, "coveredlines": 3, "coverablelines": 15, "totallines": 40, "branchcoverage": null, "coveredbranches": 0, "totalbranches": 0, "methodcoverage": 33.3, "coveredmethods": 1, "totalmethods": 3 },
        { "name": "DigicodeHandler", "coverage": 21.7, "coveredlines": 10, "coverablelines": 46, "totallines": 79, "branchcoverage": null, "coveredbranches": 0, "totalbranches": 0, "methodcoverage": 50, "coveredmethods": 3, "totalmethods": 6 },
        { "name": "PlatformController", "coverage": 17.8, "coveredlines": 5, "coverablelines": 28, "totallines": 54, "branchcoverage": null, "coveredbranches": 0, "totalbranches": 0, "methodcoverage": 33.3, "coveredmethods": 1, "totalmethods": 3 },
        { "name": "PlatformControllerOpenExit", "coverage": 10.3, "coveredlines": 3, "coverablelines": 29, "totallines": 50, "branchcoverage": null, "coveredbranches": 0, "totalbranches": 0, "methodcoverage": 25, "coveredmethods": 1, "totalmethods": 4 },
        { "name": "TimerHandler", "coverage": 55.5, "coveredlines": 20, "coverablelines": 36, "totallines": 59, "branchcoverage": null, "coveredbranches": 0, "totalbranches": 0, "methodcoverage": 28.5, "coveredmethods": 2, "totalmethods": 7 },
        { "name": "VRNoPeeking", "coverage": 41.3, "coveredlines": 12, "coverablelines": 29, "totallines": 52, "branchcoverage": null, "coveredbranches": 0, "totalbranches": 0, "methodcoverage": 60, "coveredmethods": 3, "totalmethods": 5 },
        { "name": "Wobble", "coverage": 100, "coveredlines": 23, "coverablelines": 23, "totallines": 59, "branchcoverage": null, "coveredbranches": 0, "totalbranches": 0, "methodcoverage": 100, "coveredmethods": 3, "totalmethods": 3 } ] } ]
  }
}