{
  "summary": {
    "generatedon": "2025-02-22T02:02:55Z",
    "parser": "MultiReportParser (2x OpenCoverParser)",
    "assemblies": 1,
    "classes": 6,
    "files": 6,
    "coveredlines": 34,
    "uncoveredlines": 125,
    "coverablelines": 159,
    "totallines": 276,
    "linecoverage": 21.3,
    "coveredbranches": 0,
    "totalbranches": 0,
    "coveredmethods": 12,
    "totalmethods": 37,
    "methodcoverage": 32.4
 },
  "coverage": {
    "assemblies": [
      { "name": "Test", "classes": 6, "coverage": 21.3, "coveredlines": 34, "coverablelines": 159, "totallines": 276, "branchcoverage": null, "coveredbranches": 0, "totalbranches": 0, "methodcoverage": 32.4, "coveredmethods": 12, "totalmethods": 37, "classesinassembly": [
        { "name": "Bank", "coverage": 23, "coveredlines": 6, "coverablelines": 26, "totallines": 45, "branchcoverage": null, "coveredbranches": 0, "totalbranches": 0, "methodcoverage": 33.3, "coveredmethods": 2, "totalmethods": 6 },
        { "name": "Commercial", "coverage": 19.3, "coveredlines": 6, "coverablelines": 31, "totallines": 52, "branchcoverage": null, "coveredbranches": 0, "totalbranches": 0, "methodcoverage": 28.5, "coveredmethods": 2, "totalmethods": 7 },
        { "name": "Government", "coverage": 19.3, "coveredlines": 6, "coverablelines": 31, "totallines": 52, "branchcoverage": null, "coveredbranches": 0, "totalbranches": 0, "methodcoverage": 28.5, "coveredmethods": 2, "totalmethods": 7 },
        { "name": "Hotel", "coverage": 28.5, "coveredlines": 6, "coverablelines": 21, "totallines": 40, "branchcoverage": null, "coveredbranches": 0, "totalbranches": 0, "methodcoverage": 40, "coveredmethods": 2, "totalmethods": 5 },
        { "name": "Player", "coverage": 100, "coveredlines": 4, "coverablelines": 4, "totallines": 18, "branchcoverage": null, "coveredbranches": 0, "totalbranches": 0, "methodcoverage": 100, "coveredmethods": 2, "totalmethods": 2 },
        { "name": "Residential", "coverage": 13, "coveredlines": 6, "coverablelines": 46, "totallines": 69, "branchcoverage": null, "coveredbranches": 0, "totalbranches": 0, "methodcoverage": 20, "coveredmethods": 2, "totalmethods": 10 } ] } ]
  }
}