{
  "summary": {
    "generatedon": "2025-08-19T05:53:10Z",
    "parser": "MultiReportParser (9x OpenCoverParser)",
    "assemblies": 1,
    "classes": 3,
    "files": 3,
    "coveredlines": 66,
    "uncoveredlines": 3,
    "coverablelines": 69,
    "totallines": 146,
    "linecoverage": 95.6,
    "coveredbranches": 0,
    "totalbranches": 0,
    "coveredmethods": 13,
    "totalmethods": 13,
    "methodcoverage": 100
 },
  "coverage": {
    "assemblies": [
      { "name": "Test", "classes": 3, "coverage": 95.6, "coveredlines": 66, "coverablelines": 69, "totallines": 146, "branchcoverage": null, "coveredbranches": 0, "totalbranches": 0, "methodcoverage": 100, "coveredmethods": 13, "totalmethods": 13, "classesinassembly": [
        { "name": "CheckElements", "coverage": 100, "coveredlines": 21, "coverablelines": 21, "totallines": 49, "branchcoverage": null, "coveredbranches": 0, "totalbranches": 0, "methodcoverage": 100, "coveredmethods": 4, "totalmethods": 4 },
        { "name": "LaunchObjects", "coverage": 100, "coveredlines": 12, "coverablelines": 12, "totallines": 28, "branchcoverage": null, "coveredbranches": 0, "totalbranches": 0, "methodcoverage": 100, "coveredmethods": 3, "totalmethods": 3 },
        { "name": "PlatformMovement", "coverage": 91.6, "coveredlines": 33, "coverablelines": 36, "totallines": 69, "branchcoverage": null, "coveredbranches": 0, "totalbranches": 0, "methodcoverage": 100, "coveredmethods": 6, "totalmethods": 6 } ] } ]
  }
}