{
  "summary": {
    "generatedon": "2025-02-18T07:11:03Z",
    "parser": "MultiReportParser (37x OpenCoverParser)",
    "assemblies": 1,
    "classes": 6,
    "files": 6,
    "coveredlines": 205,
    "uncoveredlines": 46,
    "coverablelines": 251,
    "totallines": 570,
    "linecoverage": 81.6,
    "coveredbranches": 0,
    "totalbranches": 0,
    "coveredmethods": 28,
    "totalmethods": 34,
    "methodcoverage": 82.3
 },
  "coverage": {
    "assemblies": [
      { "name": "Test", "classes": 6, "coverage": 81.6, "coveredlines": 205, "coverablelines": 251, "totallines": 570, "branchcoverage": null, "coveredbranches": 0, "totalbranches": 0, "methodcoverage": 82.3, "coveredmethods": 28, "totalmethods": 34, "classesinassembly": [
        { "name": "Collectible", "coverage": 85, "coveredlines": 17, "coverablelines": 20, "totallines": 53, "branchcoverage": null, "coveredbranches": 0, "totalbranches": 0, "methodcoverage": 80, "coveredmethods": 4, "totalmethods": 5 },
        { "name": "Crystal", "coverage": 45.3, "coveredlines": 29, "coverablelines": 64, "totallines": 124, "branchcoverage": null, "coveredbranches": 0, "totalbranches": 0, "methodcoverage": 44.4, "coveredmethods": 4, "totalmethods": 9 },
        { "name": "DieAfterSeconds", "coverage": 100, "coveredlines": 4, "coverablelines": 4, "totallines": 9, "branchcoverage": null, "coveredbranches": 0, "totalbranches": 0, "methodcoverage": 100, "coveredmethods": 1, "totalmethods": 1 },
        { "name": "Door", "coverage": 90.9, "coveredlines": 50, "coverablelines": 55, "totallines": 133, "branchcoverage": null, "coveredbranches": 0, "totalbranches": 0, "methodcoverage": 100, "coveredmethods": 7, "totalmethods": 7 },
        { "name": "Key", "coverage": 100, "coveredlines": 4, "coverablelines": 4, "totallines": 36, "branchcoverage": null, "coveredbranches": 0, "totalbranches": 0, "methodcoverage": 100, "coveredmethods": 1, "totalmethods": 1 },
        { "name": "Waypoint", "coverage": 97.1, "coveredlines": 101, "coverablelines": 104, "totallines": 215, "branchcoverage": null, "coveredbranches": 0, "totalbranches": 0, "methodcoverage": 100, "coveredmethods": 11, "totalmethods": 11 } ] } ]
  }
}