{
  "summary": {
    "generatedon": "2025-02-22T03:18:04Z",
    "parser": "MultiReportParser (20x OpenCoverParser)",
    "assemblies": 1,
    "classes": 6,
    "files": 6,
    "coveredlines": 113,
    "uncoveredlines": 54,
    "coverablelines": 167,
    "totallines": 325,
    "linecoverage": 67.6,
    "coveredbranches": 0,
    "totalbranches": 0,
    "coveredmethods": 29,
    "totalmethods": 37,
    "methodcoverage": 78.3
 },
  "coverage": {
    "assemblies": [
      { "name": "Test", "classes": 6, "coverage": 67.6, "coveredlines": 113, "coverablelines": 167, "totallines": 325, "branchcoverage": null, "coveredbranches": 0, "totalbranches": 0, "methodcoverage": 78.3, "coveredmethods": 29, "totalmethods": 37, "classesinassembly": [
        { "name": "Bank", "coverage": 92.3, "coveredlines": 24, "coverablelines": 26, "totallines": 51, "branchcoverage": null, "coveredbranches": 0, "totalbranches": 0, "methodcoverage": 100, "coveredmethods": 6, "totalmethods": 6 },
        { "name": "Commercial", "coverage": 93.5, "coveredlines": 29, "coverablelines": 31, "totallines": 57, "branchcoverage": null, "coveredbranches": 0, "totalbranches": 0, "methodcoverage": 100, "coveredmethods": 7, "totalmethods": 7 },
        { "name": "Government", "coverage": 16.2, "coveredlines": 6, "coverablelines": 37, "totallines": 73, "branchcoverage": null, "coveredbranches": 0, "totalbranches": 0, "methodcoverage": 28.5, "coveredmethods": 2, "totalmethods": 7 },
        { "name": "Hotel", "coverage": 82.6, "coveredlines": 19, "coverablelines": 23, "totallines": 51, "branchcoverage": null, "coveredbranches": 0, "totalbranches": 0, "methodcoverage": 100, "coveredmethods": 5, "totalmethods": 5 },
        { "name": "Player", "coverage": 100, "coveredlines": 4, "coverablelines": 4, "totallines": 18, "branchcoverage": null, "coveredbranches": 0, "totalbranches": 0, "methodcoverage": 100, "coveredmethods": 2, "totalmethods": 2 },
        { "name": "Residential", "coverage": 67.3, "coveredlines": 31, "coverablelines": 46, "totallines": 75, "branchcoverage": null, "coveredbranches": 0, "totalbranches": 0, "methodcoverage": 70, "coveredmethods": 7, "totalmethods": 10 } ] } ]
  }
}