{
  "summary": {
    "generatedon": "2025-02-22T02:36:30Z",
    "parser": "MultiReportParser (21x OpenCoverParser)",
    "assemblies": 1,
    "classes": 6,
    "files": 6,
    "coveredlines": 154,
    "uncoveredlines": 13,
    "coverablelines": 167,
    "totallines": 325,
    "linecoverage": 92.2,
    "coveredbranches": 0,
    "totalbranches": 0,
    "coveredmethods": 37,
    "totalmethods": 37,
    "methodcoverage": 100
 },
  "coverage": {
    "assemblies": [
      { "name": "Test", "classes": 6, "coverage": 92.2, "coveredlines": 154, "coverablelines": 167, "totallines": 325, "branchcoverage": null, "coveredbranches": 0, "totalbranches": 0, "methodcoverage": 100, "coveredmethods": 37, "totalmethods": 37, "classesinassembly": [
        { "name": "Bank", "coverage": 92.3, "coveredlines": 24, "coverablelines": 26, "totallines": 51, "branchcoverage": null, "coveredbranches": 0, "totalbranches": 0, "methodcoverage": 100, "coveredmethods": 6, "totalmethods": 6 },
        { "name": "Commercial", "coverage": 93.5, "coveredlines": 29, "coverablelines": 31, "totallines": 57, "branchcoverage": null, "coveredbranches": 0, "totalbranches": 0, "methodcoverage": 100, "coveredmethods": 7, "totalmethods": 7 },
        { "name": "Government", "coverage": 91.8, "coveredlines": 34, "coverablelines": 37, "totallines": 73, "branchcoverage": null, "coveredbranches": 0, "totalbranches": 0, "methodcoverage": 100, "coveredmethods": 7, "totalmethods": 7 },
        { "name": "Hotel", "coverage": 82.6, "coveredlines": 19, "coverablelines": 23, "totallines": 51, "branchcoverage": null, "coveredbranches": 0, "totalbranches": 0, "methodcoverage": 100, "coveredmethods": 5, "totalmethods": 5 },
        { "name": "Player", "coverage": 100, "coveredlines": 4, "coverablelines": 4, "totallines": 18, "branchcoverage": null, "coveredbranches": 0, "totalbranches": 0, "methodcoverage": 100, "coveredmethods": 2, "totalmethods": 2 },
        { "name": "Residential", "coverage": 95.6, "coveredlines": 44, "coverablelines": 46, "totallines": 75, "branchcoverage": null, "coveredbranches": 0, "totalbranches": 0, "methodcoverage": 100, "coveredmethods": 10, "totalmethods": 10 } ] } ]
  }
}