{
  "summary": {
    "generatedon": "2025-03-19T05:51:21Z",
    "parser": "MultiReportParser (5x OpenCoverParser)",
    "assemblies": 1,
    "classes": 8,
    "files": 8,
    "coveredlines": 211,
    "uncoveredlines": 61,
    "coverablelines": 272,
    "totallines": 775,
    "linecoverage": 77.5,
    "coveredbranches": 0,
    "totalbranches": 0,
    "coveredmethods": 28,
    "totalmethods": 36,
    "methodcoverage": 77.7
 },
  "coverage": {
    "assemblies": [
      { "name": "Test", "classes": 8, "coverage": 77.5, "coveredlines": 211, "coverablelines": 272, "totallines": 775, "branchcoverage": null, "coveredbranches": 0, "totalbranches": 0, "methodcoverage": 77.7, "coveredmethods": 28, "totalmethods": 36, "classesinassembly": [
        { "name": "AudioManager", "coverage": 77.7, "coveredlines": 21, "coverablelines": 27, "totallines": 51, "branchcoverage": null, "coveredbranches": 0, "totalbranches": 0, "methodcoverage": 100, "coveredmethods": 2, "totalmethods": 2 },
        { "name": "BulletTime", "coverage": 42.8, "coveredlines": 3, "coverablelines": 7, "totallines": 24, "branchcoverage": null, "coveredbranches": 0, "totalbranches": 0, "methodcoverage": 50, "coveredmethods": 1, "totalmethods": 2 },
        { "name": "EnemyAi", "coverage": 78, "coveredlines": 57, "coverablelines": 73, "totallines": 154, "branchcoverage": null, "coveredbranches": 0, "totalbranches": 0, "methodcoverage": 72.7, "coveredmethods": 8, "totalmethods": 11 },
        { "name": "Gun", "coverage": 70.3, "coveredlines": 45, "coverablelines": 64, "totallines": 313, "branchcoverage": null, "coveredbranches": 0, "totalbranches": 0, "methodcoverage": 70, "coveredmethods": 7, "totalmethods": 10 },
        { "name": "Round", "coverage": 71.7, "coveredlines": 28, "coverablelines": 39, "totallines": 83, "branchcoverage": null, "coveredbranches": 0, "totalbranches": 0, "methodcoverage": 100, "coveredmethods": 2, "totalmethods": 2 },
        { "name": "SpeedUpTime", "coverage": 50, "coveredlines": 3, "coverablelines": 6, "totallines": 22, "branchcoverage": null, "coveredbranches": 0, "totalbranches": 0, "methodcoverage": 50, "coveredmethods": 1, "totalmethods": 2 },
        { "name": "TimeManager", "coverage": 100, "coveredlines": 15, "coverablelines": 15, "totallines": 29, "branchcoverage": null, "coveredbranches": 0, "totalbranches": 0, "methodcoverage": 100, "coveredmethods": 4, "totalmethods": 4 },
        { "name": "XRTarget", "coverage": 95.1, "coveredlines": 39, "coverablelines": 41, "totallines": 99, "branchcoverage": null, "coveredbranches": 0, "totalbranches": 0, "methodcoverage": 100, "coveredmethods": 3, "totalmethods": 3 } ] } ]
  }
}