{
  "summary": {
    "generatedon": "2025-03-22T04:11:45Z",
    "parser": "MultiReportParser (5x OpenCoverParser)",
    "assemblies": 1,
    "classes": 13,
    "files": 13,
    "coveredlines": 252,
    "uncoveredlines": 141,
    "coverablelines": 393,
    "totallines": 805,
    "linecoverage": 64.1,
    "coveredbranches": 0,
    "totalbranches": 0,
    "coveredmethods": 53,
    "totalmethods": 79,
    "methodcoverage": 67
 },
  "coverage": {
    "assemblies": [
      { "name": "Test", "classes": 13, "coverage": 64.1, "coveredlines": 252, "coverablelines": 393, "totallines": 805, "branchcoverage": null, "coveredbranches": 0, "totalbranches": 0, "methodcoverage": 67, "coveredmethods": 53, "totalmethods": 79, "classesinassembly": [
        { "name": "BallBounce", "coverage": 100, "coveredlines": 10, "coverablelines": 10, "totallines": 44, "branchcoverage": null, "coveredbranches": 0, "totalbranches": 0, "methodcoverage": 100, "coveredmethods": 2, "totalmethods": 2 },
        { "name": "LaunchProjectile", "coverage": 25, "coveredlines": 3, "coverablelines": 12, "totallines": 50, "branchcoverage": null, "coveredbranches": 0, "totalbranches": 0, "methodcoverage": 33.3, "coveredmethods": 1, "totalmethods": 3 },
        { "name": "LightCandle", "coverage": 100, "coveredlines": 16, "coverablelines": 16, "totallines": 46, "branchcoverage": null, "coveredbranches": 0, "totalbranches": 0, "methodcoverage": 100, "coveredmethods": 4, "totalmethods": 4 },
        { "name": "OnTilt", "coverage": 100, "coveredlines": 23, "coverablelines": 23, "totallines": 72, "branchcoverage": null, "coveredbranches": 0, "totalbranches": 0, "methodcoverage": 100, "coveredmethods": 3, "totalmethods": 3 },
        { "name": "OnVelocity", "coverage": 100, "coveredlines": 37, "coverablelines": 37, "totallines": 77, "branchcoverage": null, "coveredbranches": 0, "totalbranches": 0, "methodcoverage": 100, "coveredmethods": 7, "totalmethods": 7 },
        { "name": "PhoneRingScreen", "coverage": 76.9, "coveredlines": 10, "coverablelines": 13, "totallines": 28, "branchcoverage": null, "coveredbranches": 0, "totalbranches": 0, "methodcoverage": 100, "coveredmethods": 2, "totalmethods": 2 },
        { "name": "PlayContinuousSound", "coverage": 66.1, "coveredlines": 39, "coverablelines": 59, "totallines": 97, "branchcoverage": null, "coveredbranches": 0, "totalbranches": 0, "methodcoverage": 66.6, "coveredmethods": 8, "totalmethods": 12 },
        { "name": "PlayQuickSound", "coverage": 100, "coveredlines": 19, "coverablelines": 19, "totallines": 42, "branchcoverage": null, "coveredbranches": 0, "totalbranches": 0, "methodcoverage": 100, "coveredmethods": 4, "totalmethods": 4 },
        { "name": "PlaySoundsFromList", "coverage": 21.4, "coveredlines": 12, "coverablelines": 56, "totallines": 92, "branchcoverage": null, "coveredbranches": 0, "totalbranches": 0, "methodcoverage": 25, "coveredmethods": 3, "totalmethods": 12 },
        { "name": "PlayVideo", "coverage": 43.9, "coveredlines": 36, "coverablelines": 82, "totallines": 138, "branchcoverage": null, "coveredbranches": 0, "totalbranches": 0, "methodcoverage": 42.8, "coveredmethods": 6, "totalmethods": 14 },
        { "name": "ToggleLight", "coverage": 62.5, "coveredlines": 15, "coverablelines": 24, "totallines": 46, "branchcoverage": null, "coveredbranches": 0, "totalbranches": 0, "methodcoverage": 71.4, "coveredmethods": 5, "totalmethods": 7 },
        { "name": "ToggleOnOff", "coverage": 0, "coveredlines": 0, "coverablelines": 3, "totallines": 11, "branchcoverage": null, "coveredbranches": 0, "totalbranches": 0, "methodcoverage": 0, "coveredmethods": 0, "totalmethods": 1 },
        { "name": "ToggleParticle", "coverage": 82, "coveredlines": 32, "coverablelines": 39, "totallines": 62, "branchcoverage": null, "coveredbranches": 0, "totalbranches": 0, "methodcoverage": 100, "coveredmethods": 8, "totalmethods": 8 } ] } ]
  }
}